,mean,std
price_num,926484034.0278634,619379267.0163128
mileage,52462.150289729994,24902.531853120236
